Time Elapsed (ms),X,Y,Action
651,1015,144,mousemove
658,992,153,mousemove
665,973,158,mousemove
672,958,164,mousemove
680,946,169,mousemove
686,936,173,mousemove
693,926,176,mousemove
705,918,180,mousemove
708,912,182,mousemove
714,906,185,mousemove
721,901,187,mousemove
730,897,189,mousemove
736,893,193,mousemove
742,889,196,mousemove
750,886,198,mousemove
757,882,203,mousemove
764,879,205,mousemove
772,877,208,mousemove
780,875,209,mousemove
785,874,211,mousemove
792,872,213,mousemove
807,871,213,mousemove
815,871,214,mousemove
830,870,214,mousemove
843,870,215,mousemove
857,870,216,mousemove
871,869,216,mousemove
880,869,217,mousemove
893,868,217,mousemove
1447,863,219,mousemove
1454,852,222,mousemove
1460,840,228,mousemove
1468,826,233,mousemove
1474,816,239,mousemove
1482,799,248,mousemove
1489,782,261,mousemove
1497,763,276,mousemove
1503,747,292,mousemove
1510,730,312,mousemove
1518,718,326,mousemove
1525,706,341,mousemove
1531,698,351,mousemove
1539,692,362,mousemove
1547,685,369,mousemove
1553,681,378,mousemove
1560,677,385,mousemove
1567,675,390,mousemove
1574,673,395,mousemove
1581,672,399,mousemove
1588,670,406,mousemove
1596,668,413,mousemove
1603,667,422,mousemove
1610,665,434,mousemove
1617,665,445,mousemove
1624,664,457,mousemove
1632,664,469,mousemove
1638,663,480,mousemove
1646,663,490,mousemove
1653,663,501,mousemove
1659,663,507,mousemove
1666,663,514,mousemove
1674,663,520,mousemove
1681,664,523,mousemove
1687,665,525,mousemove
1696,666,528,mousemove
1702,666,530,mousemove
1709,667,532,mousemove
1716,668,534,mousemove
1723,669,535,mousemove
1731,671,536,mousemove
1737,673,538,mousemove
1746,678,542,mousemove
1752,680,543,mousemove
1759,683,545,mousemove
1766,686,547,mousemove
1773,689,550,mousemove
1780,694,552,mousemove
1787,696,553,mousemove
1794,699,556,mousemove
1801,704,560,mousemove
1808,708,562,mousemove
1816,713,564,mousemove
1822,716,568,mousemove
1831,721,570,mousemove
1837,723,571,mousemove
1844,725,572,mousemove
1851,728,573,mousemove
1858,730,575,mousemove
1865,731,576,mousemove
1872,732,578,mousemove
1880,735,578,mousemove
1887,737,581,mousemove
1893,738,582,mousemove
1901,743,586,mousemove
1907,747,590,mousemove
1915,752,597,mousemove
1922,758,603,mousemove
1930,764,611,mousemove
1936,771,619,mousemove
1943,777,628,mousemove
1950,781,634,mousemove
1957,786,640,mousemove
1965,790,645,mousemove
1972,793,649,mousemove
1980,795,652,mousemove
1986,797,653,mousemove
1993,798,655,mousemove
2000,799,657,mousemove
2007,800,657,mousemove
2015,801,658,mousemove
2021,802,658,mousemove
2030,804,659,mousemove
2043,805,660,mousemove
2050,807,660,mousemove
2071,811,659,mousemove
2079,812,659,mousemove
2086,816,659,mousemove
2092,819,658,mousemove
2101,825,657,mousemove
2108,829,655,mousemove
2122,836,654,mousemove
2123,843,651,mousemove
2129,849,649,mousemove
2135,855,646,mousemove
2142,861,644,mousemove
2149,866,640,mousemove
2156,870,639,mousemove
2165,875,637,mousemove
2171,878,633,mousemove
2178,882,632,mousemove
2185,886,629,mousemove
2192,889,624,mousemove
2199,895,621,mousemove
2206,898,618,mousemove
2215,904,613,mousemove
2220,909,608,mousemove
2227,915,603,mousemove
2235,921,597,mousemove
2242,926,590,mousemove
2248,932,585,mousemove
2255,936,578,mousemove
2263,942,572,mousemove
2270,945,567,mousemove
2277,947,560,mousemove
2284,950,556,mousemove
2291,953,549,mousemove
2298,955,545,mousemove
2305,956,539,mousemove
2314,957,532,mousemove
2320,958,525,mousemove
2327,958,519,mousemove
2334,958,508,mousemove
2341,957,497,mousemove
2349,954,485,mousemove
2355,949,465,mousemove
2363,945,447,mousemove
2369,941,428,mousemove
2385,933,408,mousemove
2391,924,388,mousemove
2391,911,364,mousemove
2401,897,343,mousemove
2409,885,321,mousemove
2415,871,297,mousemove
2420,855,275,mousemove
2426,837,253,mousemove
2433,822,233,mousemove
2440,805,213,mousemove
2448,789,195,mousemove
2455,769,172,mousemove
2463,752,156,mousemove
2469,736,141,mousemove
2475,724,130,mousemove
2483,714,121,mousemove
2490,705,112,mousemove
2498,696,105,mousemove
2504,688,99,mousemove
2511,683,95,mousemove
2518,676,92,mousemove
2525,671,88,mousemove
2533,666,86,mousemove
2540,662,84,mousemove
2547,659,84,mousemove
2554,657,82,mousemove
2561,654,81,mousemove
2568,651,81,mousemove
2575,650,80,mousemove
2582,649,80,mousemove
2589,647,80,mousemove
2597,647,79,mousemove
2604,645,79,mousemove
2611,644,79,mousemove
2618,642,79,mousemove
2625,641,79,mousemove
2632,638,79,mousemove
2639,636,80,mousemove
2647,634,80,mousemove
2653,629,82,mousemove
2660,626,82,mousemove
2667,623,82,mousemove
2674,620,83,mousemove
2682,619,83,mousemove
2689,616,84,mousemove
2697,615,84,mousemove
2704,613,85,mousemove
2710,612,85,mousemove
2717,611,86,mousemove
2724,607,87,mousemove
2732,604,88,mousemove
2739,601,91,mousemove
2747,596,94,mousemove
2753,589,96,mousemove
2760,583,101,mousemove
2767,577,104,mousemove
2774,570,108,mousemove
2781,565,112,mousemove
2788,559,116,mousemove
2796,554,119,mousemove
2803,548,122,mousemove
2809,545,124,mousemove
2817,543,126,mousemove
2824,538,129,mousemove
2831,536,131,mousemove
2838,532,133,mousemove
2847,530,135,mousemove
2852,528,138,mousemove
2859,525,139,mousemove
2866,522,144,mousemove
2873,520,146,mousemove
2881,519,149,mousemove
2888,516,152,mousemove
2895,515,154,mousemove
2902,514,156,mousemove
2909,513,160,mousemove
2916,513,163,mousemove
2923,512,165,mousemove
2931,511,170,mousemove
2938,510,174,mousemove
2945,508,181,mousemove
2951,508,188,mousemove
2959,507,194,mousemove
2966,507,200,mousemove
2973,507,203,mousemove
2980,507,207,mousemove
2987,506,208,mousemove
2994,506,209,mousemove
3001,506,210,mousemove
3023,506,211,mousemove
3045,506,212,mousemove
3058,508,212,mousemove
3065,511,212,mousemove
3072,514,212,mousemove
3079,520,212,mousemove
3087,528,212,mousemove
3093,536,212,mousemove
3101,543,212,mousemove
3107,552,212,mousemove
3115,562,212,mousemove
3122,572,212,mousemove
3130,584,212,mousemove
3136,595,212,mousemove
3143,608,212,mousemove
3150,624,212,mousemove
3157,639,212,mousemove
3165,652,211,mousemove
3172,664,210,mousemove
3180,676,210,mousemove
3186,687,209,mousemove
3193,698,208,mousemove
3200,708,207,mousemove
3207,718,206,mousemove
3215,725,206,mousemove
3221,733,205,mousemove
3229,738,205,mousemove
3236,745,204,mousemove
3243,752,204,mousemove
3250,759,204,mousemove
3257,766,206,mousemove
3265,773,206,mousemove
3271,780,210,mousemove
3280,788,215,mousemove
3286,799,220,mousemove
3293,811,228,mousemove
3300,822,238,mousemove
3306,832,247,mousemove
3314,846,258,mousemove
3321,860,268,mousemove
3328,875,282,mousemove
3335,887,293,mousemove
3342,900,304,mousemove
3350,908,314,mousemove
3356,919,324,mousemove
3364,927,333,mousemove
3371,936,339,mousemove
3378,944,348,mousemove
3385,951,354,mousemove
3392,959,361,mousemove
3400,964,367,mousemove
3406,971,373,mousemove
3414,976,381,mousemove
3421,983,387,mousemove
3428,988,392,mousemove
3435,994,398,mousemove
3442,997,402,mousemove
3449,1004,408,mousemove
3456,1007,410,mousemove
3463,1011,415,mousemove
3470,1013,417,mousemove
3477,1015,419,mousemove
3485,1017,420,mousemove
3491,1018,421,mousemove
3498,1019,422,mousemove
3514,1019,423,mousemove
3534,1019,424,mousemove
3570,1018,424,mousemove
3576,1011,421,mousemove
3586,1002,415,mousemove
3791,1009,422,mousemove
3798,1017,430,mousemove
3804,1025,438,mousemove
3813,1031,446,mousemove
3818,1040,455,mousemove
3825,1048,463,mousemove
3832,1056,473,mousemove
3839,1063,483,mousemove
3849,1071,493,mousemove
3854,1076,501,mousemove
3861,1082,509,mousemove
3868,1086,518,mousemove
3874,1088,525,mousemove
3882,1092,531,mousemove
3889,1094,538,mousemove
3897,1095,542,mousemove
3903,1096,549,mousemove
3910,1096,554,mousemove
3918,1096,557,mousemove
3925,1096,560,mousemove
3932,1096,564,mousemove
3939,1096,566,mousemove
3947,1095,567,mousemove
3953,1095,569,mousemove
3960,1095,572,mousemove
3967,1093,573,mousemove
3974,1091,575,mousemove
3982,1090,577,mousemove
3989,1088,580,mousemove
3997,1081,584,mousemove
4003,1075,589,mousemove
4010,1066,592,mousemove
4017,1058,596,mousemove
4024,1044,600,mousemove
4031,1029,603,mousemove
4038,1015,606,mousemove
4047,1000,609,mousemove
4052,985,611,mousemove
4059,962,613,mousemove
4067,949,614,mousemove
4074,935,615,mousemove
4081,922,616,mousemove
4088,912,616,mousemove
4095,899,617,mousemove
4102,891,617,mousemove
4109,883,617,mousemove
4116,879,617,mousemove
4123,875,616,mousemove
4133,873,616,mousemove
4138,872,616,mousemove
4144,872,615,mousemove
4159,870,615,mousemove
4166,870,611,mousemove
4173,869,610,mousemove
4181,869,609,mousemove
4188,869,607,mousemove
4194,871,606,mousemove
4202,874,602,mousemove
4209,883,596,mousemove
4216,891,592,mousemove
4223,899,588,mousemove
4230,908,586,mousemove
4237,918,581,mousemove
4244,929,579,mousemove
4251,940,577,mousemove
4258,950,576,mousemove
4265,962,575,mousemove
4273,979,575,mousemove
4280,995,575,mousemove
4287,1008,575,mousemove
4294,1027,575,mousemove
4301,1041,575,mousemove
4308,1056,575,mousemove
4315,1069,575,mousemove
4323,1080,575,mousemove
4330,1092,576,mousemove
4337,1102,577,mousemove
4343,1112,578,mousemove
4350,1120,579,mousemove
4357,1127,580,mousemove
4365,1131,583,mousemove
4372,1135,584,mousemove
4380,1137,584,mousemove
4386,1138,586,mousemove
4394,1139,586,mousemove
4401,1140,588,mousemove
4407,1144,592,mousemove
4415,1144,594,mousemove
4422,1145,598,mousemove
4430,1146,603,mousemove
4436,1146,605,mousemove
4443,1146,610,mousemove
4450,1146,613,mousemove
4457,1146,617,mousemove
4464,1146,620,mousemove
4472,1144,625,mousemove
4479,1141,628,mousemove
4486,1138,633,mousemove
4492,1132,638,mousemove
4500,1123,644,mousemove
4507,1115,649,mousemove
4514,1105,652,mousemove
4521,1094,656,mousemove
4529,1081,657,mousemove
4535,1070,657,mousemove
4542,1061,657,mousemove
4549,1052,656,mousemove
4556,1044,652,mousemove
4563,1037,649,mousemove
4571,1028,645,mousemove
4578,1020,639,mousemove
4585,1014,634,mousemove
4592,1006,629,mousemove
4599,1001,624,mousemove
4606,996,617,mousemove
4614,990,609,mousemove
4621,985,601,mousemove
4627,980,594,mousemove
4635,977,584,mousemove
4641,974,572,mousemove
4649,970,558,mousemove
4655,968,539,mousemove
4664,964,521,mousemove
4671,959,494,mousemove
4677,951,462,mousemove
4684,942,430,mousemove
4693,932,399,mousemove
4704,921,364,mousemove
4708,911,334,mousemove
4719,902,309,mousemove
4725,893,286,mousemove
4727,879,264,mousemove
4735,865,245,mousemove
4741,854,230,mousemove
4749,845,220,mousemove
4756,835,210,mousemove
4763,823,201,mousemove
4770,809,192,mousemove
4776,796,185,mousemove
4784,785,181,mousemove
4790,777,176,mousemove
4798,770,173,mousemove
4805,761,170,mousemove
4813,754,167,mousemove
4819,750,166,mousemove
4826,745,165,mousemove
4833,742,164,mousemove
4840,739,163,mousemove
4848,736,163,mousemove
4855,733,162,mousemove
4862,730,162,mousemove
4869,728,162,mousemove
4876,725,161,mousemove
4883,722,159,mousemove
4890,720,159,mousemove
4897,717,158,mousemove
4904,714,157,mousemove
4911,711,156,mousemove
4918,707,156,mousemove
4925,705,156,mousemove
4932,703,156,mousemove
4939,700,156,mousemove
4947,698,156,mousemove
4954,696,156,mousemove
4961,694,157,mousemove
4968,692,157,mousemove
4975,690,158,mousemove
4983,688,160,mousemove
4989,687,161,mousemove
4997,684,163,mousemove
5004,682,164,mousemove
5011,680,168,mousemove
5018,676,172,mousemove
5024,673,178,mousemove
5032,670,184,mousemove
5039,666,192,mousemove
5048,664,201,mousemove
5054,662,211,mousemove
5060,658,224,mousemove
5067,657,234,mousemove
5075,654,245,mousemove
5082,653,254,mousemove
5089,652,260,mousemove
5097,652,266,mousemove
5103,652,268,mousemove
5110,651,271,mousemove
5117,651,272,mousemove
5139,651,273,mousemove
5211,651,266,mousemove
5217,651,261,mousemove
5224,654,248,mousemove
5231,660,226,mousemove
5609,652,224,mousemove
5616,644,223,mousemove
5622,635,221,mousemove
5630,625,220,mousemove
5636,614,218,mousemove
5643,602,213,mousemove
5650,589,210,mousemove
5657,576,208,mousemove
5665,567,206,mousemove
5671,556,201,mousemove
5680,545,198,mousemove
5686,534,196,mousemove
5692,525,194,mousemove
5700,516,191,mousemove
5706,510,189,mousemove
5714,503,187,mousemove
5721,498,187,mousemove
5728,495,186,mousemove
5735,493,186,mousemove
5742,490,186,mousemove
5749,488,186,mousemove
5764,487,186,mousemove
5792,486,186,mousemove
5850,486,186,mousedown
5950,486,186,click
6247,478,186,mousemove
6254,465,186,mousemove
6261,448,186,mousemove
6268,434,187,mousemove
6275,419,189,mousemove
6282,402,191,mousemove
6289,387,193,mousemove
6297,368,199,mousemove
6303,355,201,mousemove
6310,346,203,mousemove
6317,336,206,mousemove
6324,329,209,mousemove
6331,321,213,mousemove
6338,314,215,mousemove
6348,311,215,mousemove
6353,305,217,mousemove
6360,301,219,mousemove
6367,300,220,mousemove
6374,298,220,mousemove
6381,297,220,mousemove
6397,296,220,mousemove
6403,295,220,mousemove
6410,295,221,mousemove
6462,295,221,mousedown
6555,295,221,click
6774,294,221,mousemove
6795,294,222,mousemove
6801,294,222,mousedown
6882,294,222,click
6993,293,226,mousemove
7000,292,231,mousemove
7006,291,234,mousemove
7013,291,239,mousemove
7020,291,241,mousemove
7035,291,242,mousemove
7041,291,243,mousemove
7049,291,244,mousemove
7065,291,245,mousemove
7070,290,247,mousemove
7077,290,249,mousemove
7084,289,250,mousemove
7091,289,252,mousemove
7099,288,255,mousemove
7114,287,256,mousemove
7120,287,257,mousemove
7127,287,258,mousemove
7148,287,258,mousedown
7249,287,258,click
7413,287,258,mousedown
7547,287,259,mousemove
7553,287,261,mousemove
7560,287,262,mousemove
7567,287,265,mousemove
7574,287,267,mousemove
7581,287,270,mousemove
7588,287,274,mousemove
7596,287,277,mousemove
7603,287,282,mousemove
7610,287,286,mousemove
7617,287,292,mousemove
7624,287,296,mousemove
7631,287,301,mousemove
7638,287,307,mousemove
7646,287,310,mousemove
7652,287,314,mousemove
7659,287,318,mousemove
7667,287,321,mousemove
7673,287,326,mousemove
7681,287,328,mousemove
7688,287,332,mousemove
7695,287,335,mousemove
7702,287,337,mousemove
7709,287,341,mousemove
7716,287,343,mousemove
7723,287,347,mousemove
7731,287,350,mousemove
7737,287,353,mousemove
7744,287,356,mousemove
7751,287,359,mousemove
7758,287,363,mousemove
7765,287,365,mousemove
7772,286,368,mousemove
7780,286,372,mousemove
7787,285,375,mousemove
7795,284,379,mousemove
7801,284,382,mousemove
7808,283,385,mousemove
7815,283,388,mousemove
7822,282,390,mousemove
7830,282,392,mousemove
7836,281,395,mousemove
7844,281,396,mousemove
7851,281,398,mousemove
7858,280,401,mousemove
7865,280,402,mousemove
7872,279,404,mousemove
7880,279,406,mousemove
7887,278,410,mousemove
7894,278,413,mousemove
7901,277,417,mousemove
7908,277,419,mousemove
7915,276,422,mousemove
7922,276,425,mousemove
7929,276,428,mousemove
7937,276,430,mousemove
7943,276,433,mousemove
7950,275,435,mousemove
7957,275,437,mousemove
7965,275,438,mousemove
7972,275,439,mousemove
7980,275,440,mousemove
7993,275,441,mousemove
8022,275,442,mousemove
8043,275,443,mousemove
8050,281,446,mousemove
8057,284,448,mousemove
8064,291,452,mousemove
8071,299,454,mousemove
8079,308,458,mousemove
8086,316,461,mousemove
8092,327,467,mousemove
8100,340,470,mousemove
8107,355,473,mousemove
8114,364,478,mousemove
8121,374,480,mousemove
8129,383,482,mousemove
8136,391,484,mousemove
8142,398,484,mousemove
8149,402,484,mousemove
8156,406,484,mousemove
8164,407,484,mousemove
8171,408,484,mousemove
8206,409,484,mousemove
8221,409,483,mousemove
8234,409,482,mousemove
8241,408,482,mousemove
8249,406,479,mousemove
8256,400,477,mousemove
8264,393,475,mousemove
8270,384,474,mousemove
8277,373,473,mousemove
8284,362,471,mousemove
8291,352,471,mousemove
8298,340,469,mousemove
8305,328,469,mousemove
8313,317,469,mousemove
8320,306,469,mousemove
8327,298,469,mousemove
8334,290,469,mousemove
8341,285,469,mousemove
8348,279,469,mousemove
8355,275,469,mousemove
8363,271,469,mousemove
8370,267,469,mousemove
8377,263,469,mousemove
8383,259,469,mousemove
8390,255,469,mousemove
8398,250,469,mousemove
8405,247,469,mousemove
8412,244,471,mousemove
8419,242,471,mousemove
8426,240,472,mousemove
8433,238,472,mousemove
8440,236,472,mousemove
8463,235,472,mousemove
8483,235,473,mousemove
8513,234,473,mousemove
8641,234,471,mousemove
8654,234,470,mousemove
8660,235,470,mousemove
8681,235,469,mousemove
8697,235,469,click
10265,529,133,mousedown
10265,529,133,mousemove
10280,529,133,mousemove
10367,529,133,click
10379,529,133,mousemove
10777,535,133,mousemove
10784,546,133,mousemove
10791,557,132,mousemove
10798,566,132,mousemove
10806,575,132,mousemove
10814,586,131,mousemove
10820,595,129,mousemove
10829,606,128,mousemove
10836,614,127,mousemove
10842,621,126,mousemove
10848,627,125,mousemove
10855,630,125,mousemove
10864,634,125,mousemove
10869,635,125,mousemove
10877,636,123,mousemove
10891,637,123,mousemove
10913,638,123,mousemove
10948,639,123,mousemove
10955,639,123,mousedown
11070,639,123,click
11253,641,123,mousemove
11259,643,123,mousemove
11267,644,123,mousemove
11273,646,123,mousemove
11281,648,123,mousemove
11297,649,122,mousemove
11302,650,121,mousemove
11309,654,115,mousemove
11316,656,110,mousemove
11323,657,103,mousemove
11331,658,95,mousemove
11338,658,88,mousemove
11345,658,80,mousemove
11352,658,74,mousemove
11359,657,70,mousemove
11366,656,67,mousemove
11373,656,65,mousemove
11382,656,64,mousemove
11387,655,64,mousemove
11517,655,64,mousedown
11624,655,64,click
11722,646,67,mousemove
11729,634,74,mousemove
11735,621,80,mousemove
11742,607,87,mousemove
11749,595,92,mousemove
11757,578,99,mousemove
11765,564,104,mousemove
11771,547,109,mousemove
11779,536,112,mousemove
11785,529,114,mousemove
11792,521,115,mousemove
11799,514,116,mousemove
11806,511,117,mousemove
11814,506,117,mousemove
11820,504,117,mousemove
11827,501,119,mousemove
11835,499,119,mousemove
11841,498,119,mousemove
11849,497,119,mousemove
11864,496,119,mousemove
11899,494,119,mousemove
11935,494,119,mousedown
12064,494,119,click
12197,495,115,mousemove
12204,497,108,mousemove
12211,499,103,mousemove
12218,502,96,mousemove
12225,505,90,mousemove
12232,507,87,mousemove
12239,509,83,mousemove
12247,512,80,mousemove
12253,514,77,mousemove
12261,516,73,mousemove
12268,520,70,mousemove
12275,522,67,mousemove
12282,525,64,mousemove
12289,526,62,mousemove
12296,529,59,mousemove
12303,530,56,mousemove
12311,531,55,mousemove
12325,531,54,mousemove
12332,532,54,mousemove
12353,533,54,mousemove
12397,535,56,mousemove
12403,535,57,mousemove
12410,535,58,mousemove
12417,535,59,mousemove
12424,535,60,mousemove
12439,535,60,mousedown
12561,535,60,click
12830,552,61,mousemove
12836,590,61,mousemove
12843,641,61,mousemove
12850,693,60,mousemove
12857,750,60,mousemove
12864,801,60,mousemove
12871,861,60,mousemove
12879,918,61,mousemove
12886,976,65,mousemove
12893,1030,69,mousemove
